feature_1,feature_2,feature_3,feature_4,feature_5,target
0.14901424590336979,0.3631426871695864,1.190782568618481,0.1786873588542394,-0.8116714276393803,0.1343719530144767
0.09385394321294888,0.7427410629680576,0.725156897893963,-0.0728933884950965,-0.370295224443538,0.16151126194285212
0.46299644859506256,0.9909754558599682,0.8660748993383239,0.007174592141191656,-0.9893699653113487,0.13496271683676647
0.8550335096070856,1.0553726580232439,0.6435669114746383,0.0497589289211148,-1.0340370321395518,0.3521871158902158
0.45150766168471457,0.9426596245840803,0.5859942735719548,-0.17861009572197747,-0.9229093546710055,-0.16175269141101453
0.567544165207719,1.2852010338561706,0.5482804608922183,-0.25555699725402126,-1.0324667431657777,0.2844216137129571
1.218310950580906,0.7829821998042097,0.6246173160413269,-0.5454219462038788,-0.6623340304062155,0.6643149590940528
1.070743661521662,1.0499700286613172,0.32533675867757517,-0.5917193255737052,-0.14864159440140556,0.43982681327018414
0.7834856097215295,1.1031637154286065,0.752588368364635,-0.8610440108309938,-0.46048083597954476,0.6572722818607273
1.157595065541809,1.1814927128609576,0.012236908043922023,0.04918700735101256,-0.5393713117740137,0.6621083703545901
0.9120312084514148,1.1873713267709216,0.12914770394836425,-0.8710893048557182,-0.4430602380672764,0.08463589492296653
0.9525683246576117,0.571015378361273,-0.04030970226557312,-0.7138853144418486,-0.7028336843560159,0.17107955906468783
1.1906154098980817,0.371838291772075,0.43586295731825314,-0.7147001535993788,0.16505910679416236,0.6052499435458896
0.5540426550309323,1.1297027889524527,-0.023454490708499184,-0.2084226580894068,0.021815058269104518,0.08636737173496437
0.6048119009747789,0.7527503308684158,0.15039228268124422,-0.5273851638398964,0.1456008770809058,0.5425387790942936
0.9323702575228617,0.3292832332191622,-0.6724356303754113,-0.010824673909869797,1.3201450778318775,0.4897182274606222
0.7609777163656923,0.9159448157319492,-0.20358584996101398,-0.517905156993005,0.6204222719873566,0.3905945893298911
1.108602125280597,0.38001201448802385,-0.06170108241769762,-0.14779594387620287,0.47808817804300024,0.23063590064223854
0.678106020119426,0.5937254445988361,-0.3355694453916408,-0.38335972342812397,0.7508557212179501,0.515636926727656
0.45085599552810146,0.15671197542130938,-0.05807729723105859,0.6229761813159642,1.3987691400218114,0.23990695762840095
1.2274798829689395,0.6550417776504942,-0.535428579584075,-0.2523509998575642,1.2620451226521259,0.7175069181929381
0.6240207839557544,0.46950822866031816,0.05550055530924103,0.3323492847470083,0.9668124727127987,0.5774984407048476
0.6083830140910552,-0.21817063511312512,0.35103220288950265,0.5744824541249781,1.8388035794258164,1.049393602965272
0.05126543130081823,0.0708043783043108,-0.4030732540377669,0.6612521434567072,1.520028369275092,-0.05304766652972498
0.20201841620674973,-0.09350511478523757,-0.3679351301034254,0.640327506887543,2.4309009458502238,-0.12709357292177303
0.28327677691295994,0.06911848245180818,0.27671791630962855,0.8199337820201048,2.330816915022323,0.727587055304572
-0.2106313067909951,-0.6720306080282208,0.40390132736003864,1.0372151677512533,1.998561581490368,0.7756692974127584
0.134019518338847,-0.20358690794498152,-0.1240966744020092,1.1454140582799472,2.6298856200945218,0.8035471514556126
-0.2683161596603194,-0.10375113383894474,0.021694456785091243,1.642394214828274,2.3646360833026967,0.3872093569208322
-0.27926179903969844,-0.9453011119547876,0.189121475540199,2.176425017297095,2.6839184005530616,0.35556198612641343
-0.4682972359612918,-0.7533236079516535,0.005632748756906669,1.5004869691128357,2.6418880058765066,0.45734332714918946
0.18113634942399287,-0.9750379819470182,0.2764272315035265,1.4038835459881283,2.295228128707392,0.4378327299636391
-0.45456241019716953,-0.39350592450107236,0.39979642479776156,1.9263644358030445,2.3929801822470353,0.46652531266139463
-0.8316412041887853,-0.03181234917624792,0.623799199776183,2.854175230587382,2.9163928631887015,0.45569176230952796
-0.31806357883506303,0.28354605298547597,0.9989754350741932,1.9545836452141503,2.5132326615041647,0.8553493549053354
-0.9673096112864602,-0.051658429218322206,1.2350552225641842,2.7896653758715533,2.4844223184200143,0.9356782325922435
-0.5596281722272621,0.5201766577587535,1.7835405326275435,2.8893239993260083,2.2973396679422136,0.7931992006988281
-1.215927765592204,-0.26610298045722885,1.1687241957662295,2.293101501416221,2.676953546028024,0.17625135999787192
-1.0164825430978006,-0.23741447418944678,1.907717643204946,2.6875948949283215,3.1235912583999985,0.6836774106541843
-0.5332288799679517,0.39027956305647604,1.6849644258916934,3.0474192472908497,2.1299952745656245,0.31105876171883345
-0.3295165422965305,0.6613904404956639,1.8619284055685896,2.471408973415744,2.395053029523408,0.7338882302091817
-0.44341656810902874,0.6795923524965788,2.196146777371772,2.5347838616891365,2.742869767146979,0.9038532149637923
-0.4590224102184871,0.2144577457878707,1.7617737146360393,2.4169899183587504,2.22248208955473,0.6386996476055957
-0.4308443514525762,0.9533276987664746,2.304977566029483,2.2683285882423365,2.3069485387953073,0.9679317762483626
-0.6881037030389172,0.7322027188502673,2.31765707221458,2.3457852934962498,1.7770465142931506,0.5421705865271055
-0.3537385148108859,1.4640843644631132,2.477977423756408,2.128889394120033,2.150428129671498,1.2208157291206734
-0.15994530538965232,1.5070734979016969,2.464054269918778,2.450821968798869,1.895560854290628,1.0383972121225724
0.41901211518099685,1.2415174546711967,3.145227276169541,2.144658640837059,2.1826840996507038,1.5877509961437783
0.33439559970568306,1.4865068317809875,2.2328996906304743,2.373023359315966,2.185744220532636,1.2086376078459276
-0.16424528017312484,1.4293538430940962,2.2649852871826486,1.7573175015880556,2.5579574796206237,1.1400025787641526
0.5972251908184383,1.8226672556259447,2.2223552688982524,2.2403840777242046,1.9170874566561447,1.5137563203434508
0.5198085494394092,2.2090962660045608,2.213327180611099,2.3059869623251577,1.8149807447866575,1.1134725347181855
0.5656132870730672,1.6936845320438503,2.1460225280640732,1.3723646484600698,1.7627345788992128,1.1475370199205468
1.0816274393369385,2.1924924345491745,2.638954457418416,1.998986491164469,1.5997706820123176,1.5917089875411246
1.3310535308505,1.9186019805161212,2.6424944161986055,2.1750325809222986,1.8234588550221116,1.553792676594611
1.4171692880273326,1.8604842044732177,1.9698082098079674,1.3693731897774528,1.6649114162701268,1.4686578182657821
0.9927818489618973,2.0711592206326213,1.8082705126199454,2.1669472761894597,1.8514031676762301,1.3139085370932464
1.2477495300204244,1.7821111774418936,2.1103860120925413,1.7328566525013942,2.259234128740114,1.883715230528543
1.5237069549230844,1.9009802343108817,1.7101946174082863,1.3482340139813904,1.6406326125017552,1.6555506509847642
1.7874905906027272,1.6677976948666782,1.9704986440364258,1.5075832610976185,2.378298307202587,1.9992725322263176
1.4073042449415663,2.563304403219172,1.746086103452162,1.6695677395181838,2.539617662809346,1.9055810785018954
1.5365895577295436,1.9189870715041533,1.1368863807175107,1.5167878623206477,2.230703000155657,1.5280269354312772
1.286126236226463,1.6221548905949872,1.9660211524111533,1.6624488238052917,1.763569703947435,1.6636763746118426
1.2691647412040705,1.8105937156031655,1.956342378266684,1.2468979509034506,2.362819621244617,1.6734046577444646
1.866044997446948,1.6193577123672886,1.1570023136953373,1.6119079868585353,3.0888432151264267,1.950964305737286
2.0079285248664003,1.4875383143261618,1.1569220135548852,1.190738355216516,2.8553523887887544,1.8055596127351001
1.543224015991919,1.6348492330882192,1.3020586874956794,1.6507742118755457,2.731005729789178,1.2206673285472132
1.8153877948696224,1.572561937214358,1.2717467158913787,1.4973335150172196,3.05219301670309,1.8728006831055821
1.559004050290079,1.080785945096529,1.3373086396275804,1.6465854097728743,3.630949008030981,2.191434045859498
1.1810111795471512,0.9637109588048721,1.7253399518792407,2.35025939554708,3.7182554977231996,2.0370017553303064
1.3962039339449976,0.9543018910404053,1.066673787197822,2.4313215620295705,3.656384369739888,1.9424604739980573
1.6531646440415055,0.25232962650668067,0.8932071498920309,2.4221445079510535,3.7882485426636032,2.0994203198823262
1.0773767409516923,0.4019612907710311,0.7475669973993696,2.056655560443575,3.9455074543401083,1.5697914787559661
1.4480829839090572,1.1893953732513616,0.986499302111555,2.4421898793128167,3.9437485395872396,1.848204131986562
0.07940970233738065,1.2063724143896029,1.2557775344546669,3.059843114544611,4.853524319825793,1.2636125963833789
0.9965707513125674,0.5838182033251902,1.8790699322296542,2.901395066032104,4.410106354544526,1.8808130550286752
0.6607808869071482,0.790413519062541,1.2747462939299727,3.7198705881520273,4.997905706435642,1.8355497028739227
0.43160790769538504,0.6839727004185476,1.599897719235641,3.307510010586805,5.201975527150723,1.9769452624822925
0.4394036802759735,1.5023857626427504,1.6428236330920225,3.4108452147368102,5.1437726995888635,1.7134142148471663
-0.2880243484819833,0.9181932074025199,2.130174840232776,3.420533177558939,4.798600204200982,1.3647224656987553
0.14631318135627366,0.5632786684038491,2.667047629829276,3.7077967760498707,5.117587187789147,1.8968939089560686
0.23258666552483614,0.35006953920088424,1.8927621835726893,3.7690834889476883,5.0418764432873795,1.8127386262775238
0.49285497064666683,0.20538222975502268,2.0542068220679135,4.165281653314997,4.814934573723236,1.5369054834616462
-0.16980899098410976,0.8139640648451307,2.6673867324281435,4.367273124329462,5.204712402430834,1.2970178140951074
-0.307375133333976,0.6059337137713764,2.713948348178121,3.9598891774526845,4.759953323788186,1.502380232645769
-0.2515836293705144,0.4994370237764428,3.2188030005240376,3.898560448170999,5.461820673931083,1.6880707350753388
0.15233338458193374,0.8376201288146072,2.9935688403811085,3.8351521431720874,4.944491252557501,1.8615075553873375
-0.029401395530366123,0.8234630559229186,2.860442780751747,4.611575372002382,5.110221723111839,1.8359204173192145
-0.27695478955838315,1.7797427481388688,3.2896173728696634,4.185889989320577,5.089820144090898,1.7757221640952843
0.061692979205318216,1.6714357998102973,3.581772153334219,3.913033082466544,4.872583656730683,2.3703883738432103
-0.021933251490741615,1.5437790134188862,3.6229121728235283,4.7017208770712795,5.063795332964164,2.1540150456149845
0.2957664446938468,2.1333840185918143,3.64588313905398,5.343757824949682,4.676732503535592,2.2370895366924017
-0.13494385366522174,1.8579008680941171,3.9185927279814736,4.5896729190813765,5.00776369616562,2.234100059603636
0.061188113244879785,1.721678450221832,4.04104331930797,4.82430283978569,4.267443095846363,1.8686290480279495
0.13782044813166427,2.580480792182621,4.182369107061922,4.565117364580322,4.633678446601139,2.45817900298869
-0.07683973673210898,2.424855612919499,4.024855010830856,4.466404578191368,5.103614700226689,2.174606717621448
0.5670824090176565,2.0859201777747054,3.827168252651376,4.716319873217431,4.15160473641032,2.3961087510345473
0.6801920289692887,2.4663797871443203,3.952651340126269,4.288568246898056,4.183641609789289,2.148248291872352
0.7328441498278826,2.3779814309665683,4.286174375858376,4.383105280000313,4.483700759960884,2.238262786460418
0.7942906264231518,2.3322779803714813,3.6792036723870227,4.320595537307947,4.33496292159692,2.5314769308520724
0.5753887773848754,3.1193242490673887,4.019899419487552,3.9406928719669527,4.34838653447414,2.4386234266530344
1.0091396367346954,3.495378561995228,3.7619686726609673,4.353540978703438,4.3639979888563065,2.325549707065397
1.1658755322068237,2.569832073798771,3.8458621131364743,3.917997414222884,4.394835728994544,2.4417309295883243
1.1574413719181917,3.210169250900992,4.165785056868341,3.660045972362346,4.538630522442393,2.9612692643910306
1.4733679606019128,2.8824864952913054,3.7736728622076203,3.9676848362514323,4.344859299062158,2.4998753202022086
1.7590005093368342,2.9522084390225123,3.654963062379655,3.4627251008475035,4.181154542926273,3.140754672618761
2.3104028762918483,2.925550151347327,3.1500203422572364,3.6736299073488845,4.502636985156165,2.8206107909247544
1.892886586625341,2.8334866432637607,3.6928374149847842,3.604415250698317,4.933919448526291,3.168756792635041
2.001593042718844,3.0816315142984854,3.5695067850349025,3.885506240458387,4.402805258170876,2.8864859133542713
1.9724932777361688,2.7778760277200223,3.9295955157014126,3.666723454258917,4.243975947462681,3.134557969287513
1.4754251517054409,3.0550239110782065,3.0928757267108717,3.4945615781381245,4.9766073433934785,2.5520739621218387
2.084333088093924,2.8933365730778924,3.157354713515861,3.7393161346570105,4.7300092090669015,2.902816218700642
2.13609579141058,2.760388128932839,3.0765846971253614,3.917884290776575,4.248325309845803,2.8488722018912034
2.8669993621738574,2.474130643770422,3.390815060267073,3.69044312073282,5.29939272051807,3.31018525211437
2.064578961294352,2.48002472810404,2.8122502611245705,3.5642055256007263,5.039146395371914,3.0319587071429552
2.191520718995237,2.7804465619338545,2.8569389392667794,3.221301834582963,5.3350528227871745,2.9172098925407703
2.054413521554446,2.600874379362506,2.898668023193169,3.364607931357544,5.6303904986483575,2.977165284396842
1.6637245142161556,2.0520430507606013,2.7273924158421776,3.6769383961502564,5.760775397005277,2.6033651863400844
2.2933600871302957,2.2697359810084565,2.505815273460573,3.6843907319020186,6.091598545221326,2.604277602888523
2.100127015734722,2.3618725680098147,2.680505588118828,3.9233400520883137,5.923589516091832,3.0007275350013423
2.025094836405389,1.5359958158494869,2.941847480403968,4.120923503320421,6.381995738943621,3.654023894435192
1.418937437663293,2.1059140336413384,2.324741733430249,4.398310897985918,6.320431862932834,2.8278984690268927
2.008962845965508,1.6577314817468443,2.70125366804779,4.363199756427619,6.784678043319505,3.1679410561141133
1.0581345683271715,1.9505126935959536,2.4957420696123784,4.683062907369116,6.905081840140705,2.606228107233787
1.541390361704387,1.483904353376465,3.1242296149942574,4.715256128993889,6.5882800023715795,3.030113244387196
1.9071366877429958,1.1170643849927502,2.383746501739184,4.2662400220339665,7.332597130160435,3.2446355434603817
0.8375058688964888,1.1291836987808608,2.7623531294593495,4.742271108011897,6.9719691166537805,2.4056901335550362
0.8514207939543138,1.6050231380539008,3.1459248962633284,5.146288392052011,7.487998051058333,3.0899518150015965
0.9417708568416137,1.6566382706226235,3.6174077106841516,4.990322056937471,7.454465624164879,3.1900771295472765
0.6572036296634249,1.3110257464408241,3.253931779876454,5.69324673581855,7.979541401054933,3.0443267741472217
0.24701571838768765,1.7932316834812914,3.2424080440592298,6.126959754318294,7.429428365976609,2.66981109336888
0.6460217865131206,1.138275652700324,4.116369936280963,6.180452995371047,7.444340086369196,3.0507132229534863
0.23079564310637846,1.6674921862381002,3.26663448469851,5.8888161890293595,7.580219250175954,2.746004264191297
0.627749803688539,1.3896201141562268,3.194496682321397,6.527480270346072,7.516450683064071,2.8938768699017783
0.15934567726383958,1.6372881050160197,4.141385236306227,6.240286252765703,7.853647831718742,2.822009833679332
0.8639238052101085,1.9403327380506692,4.014174535497444,6.196804542902921,7.120623674861637,2.9456186436472347
0.14273676157043994,1.773467984502182,4.012020539644109,6.201992956040796,7.267771716003113,2.748900144931472
0.27535481671002576,2.032560793738292,4.6807373421776735,6.368437067982182,7.229532949876227,3.297609231282598
0.6260284367826294,2.5754881003814334,4.685561137793331,6.400446925610371,7.789926060219127,3.0288463566423593
0.03845345434112485,2.2338763118685177,4.579937489938328,6.610025127064935,7.963439160616484,2.6923907531248696
0.5171814640860852,2.7968784394334136,4.492676198863052,6.633319490026951,7.35645242696034,3.11063624534133
0.8973157738187082,2.3504887205275207,5.255438128205833,6.596771775765869,7.268557083565349,3.489178282455377
0.09342710412961741,2.99363162917442,5.293650674492327,6.722575643467248,7.267390155862398,3.122955118459068
0.7148769147839024,3.4125342968176824,5.160501883040454,6.9299494898860985,7.519800490702843,3.458339760026356
0.8334177323458384,2.3820502189635366,5.821712508564964,6.825434797648448,6.817558632480043,3.482093894311456
1.0967616092407193,3.024114023172958,5.009216614656117,6.0506020836137395,7.09344669532964,3.767807815803539
0.6071611126348588,3.5702156622268038,4.919646125469011,5.6744205878505145,7.244263422726723,2.9081462828081746
0.7057384633900405,3.4625677747565065,5.201064813231899,6.655946583526433,7.037293351928698,3.1549479410942807
1.387892582520215,3.7520106689933894,5.410545880999219,5.892823976254115,6.886402890042833,3.6737396815386307
1.4537621684056516,3.565922343646036,5.497286208480001,6.156656574881339,7.081402214785182,3.463709627473029
1.5751478551037623,3.867447921049766,5.336926609468783,5.7900861002420605,5.9322278167923015,3.5399265928645622
1.7392676964133955,3.875850399236565,5.485586935313465,5.515334142568475,6.92060444567128,4.231724851080598
1.5646824706913054,4.339736964442455,4.9617768389988965,6.132924159692945,6.508196583487786,3.5766909014020714
1.9678006618329797,4.117604732884185,5.715378879308128,6.114516068300992,6.156530700798587,3.9759603160123826
2.10967541609132,4.178960064650414,5.191697788283879,5.6337787629622955,6.875274481841099,3.7353689878645273
1.9234798268845619,3.9747829643151813,5.476220847409248,4.954952807741342,7.1656294028607235,3.914459766629305
2.8042794592721147,3.95698646139724,5.160794788464526,5.501302225662404,6.759630320407038,4.2272649541920355
2.4826631190493242,3.96291641782182,5.105987310922755,5.724692151312345,7.149817232218608,4.139548179893963
2.066936876341221,4.185410668628525,5.046791714762239,5.116064100076676,7.426278859482241,4.2890904834964845
2.6917931350561686,3.9008657183972537,4.914931666714967,5.579321960328678,7.430809074939088,4.418076094675417
2.2586520152269567,4.060819320413179,4.878026025157036,5.497476711009769,7.636472501418805,3.897736724056943
2.8284126318514238,4.531028245506267,4.990355374256411,5.667773694777251,7.488761805574549,4.458366245003946
2.9656054021304925,4.093409954022271,4.560725942922576,5.536696136595628,7.42275626532049,4.435216086705474
2.3818220329227584,3.6485926827325508,4.630280203614585,5.231179346562795,7.064576473803793,4.220940180010767
2.911300089501986,4.013420303923725,4.313918212554489,5.92007119014706,7.625926104719107,4.591118866774837
2.7248907943761043,3.4314065822796675,4.705267646170525,5.567293832379919,7.609238828883558,4.092854618450348
2.8114451004643657,2.8391618625218347,4.013381379660426,5.675950668427177,8.682079214726997,4.183981304833643
3.0833658202981984,3.042883730924944,4.711691808768515,5.488525419734698,8.150859749341855,4.3338468308651015
2.3768968079749277,2.6786987130719306,4.127697972632428,5.734259717192351,8.415724442114959,4.063098712378788
2.148426256621442,3.031002385785884,3.6930460596139207,5.7139906287758775,8.719681040074926,4.019334829099149
2.0209309234048165,3.0423429139427642,4.158189279919274,6.052044707874263,8.741144733402532,4.203618095676517
1.947010588612085,3.445837169609943,3.928380826011103,6.7529156157216015,9.406811178337234,4.018191573048315
2.0649940398604487,2.9545968215598477,4.413555830500345,5.97277904696594,8.876240090532917,4.067842282535942
2.081035479609851,2.7136029343753467,4.009991120303413,6.053043994858233,9.278853831507961,4.12963744064729
1.9483404733633138,2.961703774694267,4.131860596352371,7.137264902798935,9.146170437275543,3.8759339227164715
1.9981549747108116,1.9951884224897403,3.773840353890657,6.796082888794569,9.110795741941713,4.3712964862499
1.6385673339990694,2.688130797578381,4.2943377878661,6.823349904559544,9.449227422916406,3.675898282519034
1.9573703359823391,2.8218572122215764,3.8055975357552847,7.501486064987318,9.734469672459465,4.104206478988793
1.3324783973439347,2.1351456463722265,4.172579654868132,7.1715458178687435,9.715488762789299,4.265832091536194
2.1242970758751705,2.9254469469342257,5.00178125504164,8.06107103088377,9.72036000405424,4.508114884172925
1.3999149520370295,2.7032028680964033,5.144707949662438,7.871112266016966,9.574572921586613,4.12027663823427
0.8683056271464279,2.5121452972107714,5.179660083984275,7.66845101741814,10.024203453416046,3.9214024448896203
0.7282190078058787,2.87715068566418,4.910945811884615,8.60004151428807,9.634629019732973,3.728240715062437
1.1304137990709422,3.4341328314262807,5.339825062464825,7.898547952390082,10.335421407021236,4.508808394614472
0.8681341119362269,2.887398813874214,5.508300139563053,8.41831462720786,10.138397187016482,3.6718641529744236
1.1131436319324743,3.0005793125458458,5.317281396045464,8.38771810836028,9.668251407553134,4.392093256549768
1.0196840366433753,2.8937837242252917,6.269409875313464,8.776536141922715,9.991113718632063,4.10409629415211
0.8501245977746666,2.892974146167802,6.231439095160569,8.927631332946676,9.824226904672809,4.206008942523183
0.6279351561512071,3.522701002580374,6.046131671513073,8.52650121589247,10.100586135752808,4.062075422620355
0.453258581865552,3.150118724952802,6.2572268308577055,8.332874899248434,10.352390282648852,4.2919860506740015
0.81498899808474,3.567640676979689,6.439282360848585,8.723138938593726,9.325235451627858,3.8847014272457674
1.2620925858310215,3.5461035428952714,5.881180469194502,8.392543358794214,9.853711424266576,4.458577251743566
1.1399001977370449,3.9783843235237484,6.5244371063485485,9.195510366801331,9.698334668258457,4.87181008908215
0.7857651236106122,4.0801623422063935,6.485659367774927,8.613716206775019,9.87263902285553,4.040473375790328
1.3074071718266658,4.434805552279093,6.467235406782189,8.430972091622419,9.659723561208523,4.563760153711773
1.477809961626177,4.110177680157677,6.745911956688176,8.551475565908182,9.296345200987558,4.48955117245773
1.2130890950379434,4.31613154348463,7.416609634801289,8.036459041462193,9.355987953092008,4.787902469816367
1.6479929790989782,4.229852275834709,7.100890092576376,8.08416639860146,9.148157343905702,4.787724541586693
1.7487727283689456,4.507378928959163,6.75286798897103,8.66301175816207,9.652330546642789,4.702415488395477
1.5217756770865085,4.860308047574238,7.0960592080900415,8.027017911757726,9.287481881616623,4.844776434267806
2.107336208104484,5.068567569801502,7.329104057801483,7.827046713255286,9.813554710417973,5.575979885433631
2.303568591474773,4.645903972600902,7.157360421233006,8.216924099600668,9.199043605667622,5.100620384895352
2.5936052601174353,5.25028412197621,6.855127777232083,8.326196587630408,8.991897258352877,5.295672003328554
2.7142651682951495,5.447969837535307,6.588168464774478,8.10245551340972,8.751606252071676,4.82524978242002
2.108452863714588,5.201709736994963,6.925810135885727,8.105546188922055,8.680971799106823,4.676876557080774
2.3564377403179355,5.66138479791934,6.759077713559336,7.505226968813976,8.77829105641019,5.056081651084883
2.8990576860912856,4.871131568887916,6.826535150559534,7.238632360115597,9.381002870098792,5.670513167940455
2.99464902804945,4.719287463174281,6.659512885681211,8.057551045278226,9.516572375026707,5.469615524491562
3.0788422313938297,4.533458951243753,6.690727345288379,7.462933619056273,8.968238171476008,5.277675347473999
4.150646499662435,5.475974356090088,6.120048535241602,7.449064079458416,9.804846233086709,5.87216533810571
3.2223236695031034,5.170196560250473,6.580427416887071,7.900527908316385,9.499564827102354,5.235121478444201
3.432956942782868,4.891732604639499,6.150889496624401,7.660855247717121,9.810161461848645,5.644680678019557
3.4042272574762324,4.916063130888707,6.624347853799711,7.637588357695863,10.383792362126645,5.942643069768041
3.323444103820011,4.408753028193386,5.710822730911157,8.172600732297585,10.314218012132606,5.347394407043258
3.027706477336585,5.386781721159586,6.361628061790228,7.3680442705336695,10.119185656786344,5.35217035901073
3.328747282443134,4.592595548778697,5.832605716574475,7.893204742712381,10.094855139853832,5.486302030095087
2.8329794881047485,4.483417661456662,5.5208736691938745,7.701245967749281,9.885251779078859,4.962458253418189
2.9432823434800133,4.563039611369777,5.526243928678976,7.849083491115633,10.487879497298827,5.213863726878301
2.8049041784270603,4.384239058900706,5.543641165367437,8.325784920473563,10.815423928431303,5.6485735823433245
2.8991093477445853,4.203621638282017,5.74952837416991,8.131782169870835,10.75808156911743,5.276624359797553
3.482182822294527,3.799675063552306,5.776608601856687,8.26541734956618,11.188686909363103,5.640143343172646
2.1315741163241895,4.084346483068154,5.460586322071993,8.561155272871842,11.421351431095642,4.85872487987579
2.7940026097970314,4.421125958373106,5.654056388125433,8.274863570982486,11.495578104510834,5.5411722365383
1.9948751258079591,4.182959106864496,6.34845942167769,8.285349514019558,11.525470820689755,5.170824718901617
2.223753673827475,4.190838088331038,6.283978577347019,8.382471046344547,11.919508014574976,5.2510974053685535
2.5766851790902106,3.5051643122627487,5.971599674076527,8.268973015127331,12.139384690178753,5.771960236258417
2.1539507721643365,3.320564984068237,5.941430727091284,9.640933865139615,11.805638426955136,5.504452890503308
1.6979866794563558,3.552861578025593,6.0687707317594475,8.858552149051986,12.66886042549787,5.083311931207845
1.697284334537335,3.5954389937927886,6.33180589373297,9.286854392714067,12.314702990459194,4.837816543208274
2.012125650578691,3.9105781895134317,5.966819088638826,9.430224126853009,12.43374118489985,5.4843595268283485
1.4931047581923842,3.0939145569336337,6.331754940840188,9.75995651395792,12.708932487665132,5.050939393729275
1.6903904709459026,4.095596767219196,6.051447593285512,10.05954560362364,12.619099964583706,5.3425746262079
1.563158309195354,3.639913756258598,6.820805591604967,10.210991096816347,12.871986122116247,5.008197292960049
1.2901919702162397,3.6248606531007375,7.0482972512182425,9.905339197720402,12.693541867474902,5.476813001628435
2.078356174331578,3.5292076247786164,6.864424962600413,10.145549501469148,12.429934048743995,5.342257999838556
1.5891191904002502,3.429656135096014,7.636986831790236,10.38270431938482,12.713967914954445,5.77460205154139
0.7701699732740294,4.278543169275938,6.9506606858826165,10.311406417248014,12.240758579550821,4.921289521879251
1.4279095660025571,4.1699228471637575,7.028917943924918,10.941381646734616,12.582441738082949,5.148330629916015
1.1834373321412117,3.8866119876947804,7.67975646922996,10.664192456664214,12.494864785433716,5.313211301340981
1.663442749710178,4.018420241106373,8.063290569942987,10.779363596167233,12.387820091660151,5.865536255561357
1.2111872621750348,4.445435396026829,8.381945825901678,10.784011676312213,12.349225939089903,5.611201457299049
1.4707520150939117,5.190107234511627,7.856035650861112,10.947900126965441,11.754648886873053,5.559999076274397
1.7271682581921226,4.756812970390753,8.422194571134115,10.645800660154457,12.081757034606161,6.201882024260625
1.9192133154752475,4.52912082468488,8.178702101324058,10.183706023063442,12.199090470262718,5.540187059845175
1.395363971954578,5.049820649775939,8.215933219768417,10.660474942541848,12.143721490336441,5.914648764968827
1.7618643769552413,5.1813655288898,8.595340025799967,10.300664406011162,11.713633458231413,5.823132075368536
1.8357627325499961,4.58802803119017,8.573000540270458,10.282011923796178,12.331416486051408,5.776308015901792
1.905876677543206,5.507192930614061,7.935719587100997,10.55155981578118,11.627112646482395,5.393014019050583
2.760946384919471,5.571386547919388,8.867183790823638,10.674372507208838,12.120365565221237,6.426877364595668
2.4861612797239787,5.955979809104808,8.838311779927428,10.230467668469965,11.909246695576547,6.46075353534042
2.1217348136994816,6.396157813291496,8.221628616372826,10.233769911839564,11.549329311738935,5.811712030033869
2.910691817680739,6.260523078718516,8.498711376390398,10.566592757233053,12.249835117594863,6.757157331325931
3.4053367462686452,5.9087357387780655,8.485447722140847,10.042711295078073,11.346328238899067,6.227333199546078
3.2078641308500226,5.70932070727132,8.360451627833326,10.667274454464321,11.981466821938525,6.505943128593502
2.5659426843155106,6.849687207002812,8.051251595648022,9.976384776869772,12.022088397396498,5.852285811448838
2.9925150304326,6.116111584356268,7.939545087551393,9.204036667638068,11.552345776588842,6.26131657332448
3.6246204506846764,6.107447116192872,8.050310963253777,9.891178046469507,12.218604464814645,6.848501885300861
3.1282124030901555,6.085446348034703,8.320780050954427,9.721498465156412,11.788940913678042,6.333976040830804
3.557473753945884,6.126500454145393,8.038941577070908,9.946663396933738,12.029203470869605,6.075417272942709
3.72721726849482,5.98385293906615,7.669434799083942,9.72626838977592,12.11443129049524,6.627114961430939
3.2729773748217283,5.801788261280185,7.916718810391276,9.460532870566537,12.104190520166222,6.519690144908193
3.574429643910148,5.744350323540518,6.737046829027658,9.126696774010114,12.509366040200915,6.391061029695893
2.6456465264075497,5.822246561927964,7.846399302123766,9.438115048885573,12.638172789815677,6.451534050168471
3.3207104360279844,5.583372311042767,6.895664942704595,9.26794389256447,12.020606625401493,5.918965289975859
3.5465168053107403,5.439202392471386,7.232106638419712,9.386942704706296,13.091046924021544,6.697143000075683
3.226721561705698,5.5857582624936954,6.937331513147835,9.791426225614194,12.36346521106772,6.4057547795063385
4.0545504436455095,5.374106057848934,6.827894627561935,10.185113381585579,13.340560260780151,6.388038145446062
3.0852855121138245,5.7965075207749726,7.519657715108826,9.88690726640355,13.541637034119832,6.570797842597322
3.318499896766694,4.444645346861785,6.9994349974321635,9.508479473939248,13.051473071015055,6.268539095614473
3.4137692791145167,5.463908486575016,7.226229754768551,10.11281224344999,13.43099114087641,6.544647259542777
3.720167239012309,5.410642957935188,7.105681781782281,10.462917971844984,13.396352598945015,6.7405939705375095
2.7609950287478853,4.320888906204914,7.2758085714205025,10.056468200383083,13.833819557121387,6.23255828440166
3.437073678331162,4.753712331206489,7.184409333121805,10.344144239843477,13.970624613797538,6.532842946029309
2.9817598054707273,4.667900833219264,6.82088064683756,10.54151887264002,14.454369754617595,6.434848531207755
2.570880638249916,4.29062859192387,7.564595672150948,10.460444310626187,14.762004236820845,6.289770680361851
2.888631042278979,4.42518400891484,7.192575598225925,11.053364122093294,14.925507638544918,6.370024702539213
2.694384675107736,4.2842736765060625,6.9630551140429,10.987787281575189,14.464107742214503,6.46480507680094
2.341245049687506,5.116278787082574,7.404326785454198,11.315374391940603,14.682814149450632,6.098724583338408
2.432816072812328,4.859425038050418,8.097978439104141,11.086982826449173,14.33924797247819,6.646913662814887
2.1926522468397573,4.963787262470395,8.028723380832398,11.382030626722665,14.686325278067539,6.534726451853897
2.2462699512829025,4.81815556506105,7.804372261744832,11.884448911963517,15.2859236506174,6.176470038530262
2.324092096427627,4.298016140015844,7.947245504153257,11.702974494234322,15.533809972269125,6.517468763446484
2.5252918020678177,4.5299600459483615,8.104548139458164,12.47093820567844,14.7157404703783,6.875980317556493
1.6143274248499284,4.89973734245334,8.977162864375678,11.960371573606709,14.929665340168485,6.290012533543429
2.575082959930859,4.466200594689085,8.623961536959696,12.263091433330635,15.105743534048448,6.802997795401151
1.3133171438480955,5.140012665707464,8.793803296960549,12.577707583800262,15.189565205038495,6.425124780670291
1.8321772207606362,4.9594943746399265,9.127475420992875,11.960504035223165,14.840995385770526,6.779208415688805
2.0484684335171015,5.03548121474236,9.039867155695822,11.930935330334387,15.177092139689215,6.721305014196242
1.9662708318922382,5.486888248078148,9.034708279915762,12.05920307680171,14.86268197850578,6.546582256683676
1.7209028933251331,5.540222866171273,9.190256124433853,12.937675491380443,14.945919467578424,6.891186149848109
1.8865068085976633,5.437880956068146,9.3552871406401,12.419589851944256,15.051672466922692,7.107953972634916
1.8572726671363298,6.0371997179340795,9.482534258768837,13.363317755420322,14.821130281465633,6.9333942776483015
1.8988626474147199,5.510371377519862,9.81687918419582,12.422219912946128,14.615458739770478,6.834650455433207
2.4143673863305164,6.164844392703587,9.705838407916454,12.62812099840931,14.63835405874264,6.884952882960538
2.362557539860828,6.301473946392242,9.987513432915339,13.003201542786412,14.569255684975612,6.925295055488825
2.1543418691293326,6.170318668019908,9.80602707052139,13.097899340596447,14.410932691544563,7.005668415083147
2.7481262885282614,6.49493393074528,9.90089423384126,13.059048001312018,14.37406531499186,7.302824121592618
2.6940653035783053,6.148147317653813,9.30917702883664,12.738160479332596,14.866559252098162,7.393417329449063
2.9751687484868334,6.917875012744067,10.199119988316612,12.61010634352218,14.497804239445582,7.576971237134745
3.053555419012779,6.691647258727885,10.028230916452591,12.4018442802095,14.192444291606293,7.073119782411462
2.751301496723377,6.684654078652184,10.208700459783579,12.374628330909859,14.452283826045294,7.539107175050405
2.9672789215052116,7.237256337605256,9.011093702901068,11.890572558943923,14.117096002885205,6.810774646737084
3.4928779687018303,6.778099238781684,10.46375107769025,11.725025676204817,14.556356679702008,7.720041389207922
3.5812356323147143,6.618740090984753,9.740372609639602,11.885757182986918,14.316613227514955,7.626092285802567
3.5154831959124673,6.610690513970682,10.048797986822906,11.755676496422836,14.189723058782338,8.009459103716367
3.6729834672851096,7.280149039555614,9.329060319795149,11.59629708058663,14.387846917054919,8.134762924193156
4.1278465746652175,6.719139522870103,9.741809356069982,11.874091794375161,13.829602029174797,7.8737311118157995
3.6630418261250406,7.619122128763014,9.15293667622452,11.893742512262733,14.025924627384788,7.345947517662756
4.088457139853027,6.44249620354992,9.188730842483837,11.58625963659647,14.084417880165931,7.724632528400962
3.9341692567358506,7.536097973130344,9.854828504869808,11.96757300871151,14.579217667292985,8.016907798462231
3.985752155326987,7.037192103505041,9.128004476967769,11.159562931521616,15.164237642452914,7.6999914241329686
4.421920306324846,6.879394072351517,9.156839477170598,11.435888407113008,15.43551360211077,8.40415698791822
4.3656516331246795,6.668596816950079,9.26278991121876,11.285775329890539,15.09154150408224,8.025985242582697
4.372079619228463,6.866140576688524,9.066283642729813,10.963139043705342,15.19541955985628,8.04455743222271
4.513930892874988,6.641765716547088,8.88596459238373,11.536295533894902,14.65942753091227,7.987825180745958
4.107357668784981,6.884819758791083,8.882720782275545,11.578328451773025,15.199410667558215,7.842694524709688
4.269412943854508,6.484867517673804,9.43732374584969,12.138176953252795,15.294461273905181,8.19258395055712
3.9212478985239776,6.390400152638729,8.654124039785195,11.957749312823088,15.517371213596222,7.536884766607407
4.047763148522322,6.130852625715532,8.70007507184022,11.559988345251043,15.828319854504176,7.687907715924856
3.835504189618384,6.119372743881957,8.937474909051621,12.535659212884205,15.912608253953648,7.561485371721069
3.81688404179029,6.129157930853517,8.951415735333432,12.470238634508895,15.634274056378061,7.808621798894832
3.8703007817327917,5.429855458130372,8.98880541492168,12.414032382719483,16.622668943043266,8.112113104653975
3.342658347714639,5.452062982798886,8.852981832412484,12.316404160190398,16.241211991331312,7.667020695077705
4.106406069870496,6.002312321224822,8.362876840274984,12.24928064320421,16.792245654170134,8.255413704521278
3.0635280191143983,5.764141731777603,9.255745086007131,12.584251771729535,17.49113641390995,7.805595614375519
2.8857434161636855,5.603334014286302,8.496798955268709,13.185504577851384,16.730987117831997,7.471857149347358
3.482100028485722,5.6229766100654315,9.020820323212531,13.589447617937898,16.37367189336409,7.503690314651576
3.258808921024025,5.6948721656639885,8.806478578738165,13.652487717250152,17.159779445009956,7.625883982640573
3.0991113924309754,5.416793616013373,9.128508997935946,13.206575653253914,17.674567320644048,7.962129411238236
2.9967499786775695,5.348829316351454,9.372285581289393,13.177382886832985,18.015590534282573,8.082999192730746
2.7085407158534602,5.660407522377383,9.505375066702264,13.710000378688541,17.12760328235244,7.57261014487506
2.3562765826255636,5.343219838096502,9.678599041719371,13.284292630192994,17.69814489217561,7.607027131892101
2.5722281246823266,5.809791952546638,10.185152035540979,14.049799364563858,17.44645199490826,7.527375322648947
2.2825235610443535,5.24214989281361,9.990198759761611,14.035981653401484,17.575620111623113,7.5820395906139595
2.727708867559304,6.1415856285543615,9.936133910703035,14.055875065044598,18.406968265241236,8.204164892742767
2.3548262692542066,6.067892381379655,10.45401695328973,13.819519414058291,17.15462575887407,7.85958437561015
2.1300635902335574,6.108400914381529,10.675231531460714,14.54009378707399,17.65999834019539,7.899734066870313
2.2755575190758313,6.442734752190887,10.099948063446762,14.299367722030045,17.69018177787962,7.71575427158406
2.5058527078544155,6.7732425909558724,10.791640944616928,14.165924920459652,17.83056968010886,8.057945205059692
2.2385953834301175,6.711254892230894,10.959512901852609,13.697221596367793,17.47965009488318,7.7710173533527875
2.2022773650349166,5.993908536414376,10.78749846745632,14.576892824196799,17.480202354372814,7.973194377669424
2.5782791109815504,6.305527686904088,11.406412973715272,15.12753344872077,17.201709030295824,8.235599842542399
2.6491620458306,6.647244802491127,11.053573644994968,15.089871956907706,17.327112589301983,8.204479403872748
2.507403804612874,6.987891025683565,11.22792757821573,14.435626730474315,17.068279317271163,7.930529070691873
2.6141414023858114,7.278841275142456,11.215799862465502,14.35990493890752,17.282236139694035,7.697589303897114
2.9318297289148196,7.045459455868064,11.334915758828403,14.636703750971217,16.91105289969611,8.468030714395892
2.543821023449082,7.4531240534157615,11.04842115067787,14.141081296564618,17.064834251962655,7.903636216118752
2.679636315002356,7.296866510863407,10.976621969417984,14.466188180100492,16.878186256841254,7.8358868468862
3.0157768464594072,7.457211566084407,11.902573204873361,14.532711669294155,17.167343480294868,8.650824863133485
3.300632620922141,7.325119570606315,11.170195969187695,14.592166162614438,16.765670269938493,8.276106627221251
3.5932722696793924,7.56450101097462,11.111879721988792,14.11107378511589,16.21128776423001,8.58444488109166
4.077940098649168,7.517048188169289,10.733953282278062,13.994826148789393,17.095818300026206,8.801720883928583
4.025987774125458,7.696640370051313,11.145550141949178,13.70709056520454,16.43269959816723,8.779912713921023
3.8501429936956466,8.357371018876172,10.885322560063905,13.638705413998245,16.509590668260884,8.219395256279066
4.016048811730911,7.7928595993782706,11.708947689842557,13.738788215609851,16.543215313770556,9.071740572649615
3.8370264429011263,8.888060673603139,11.443977224735605,13.842475147429672,17.16586326726308,8.837129148570632
4.238993165130973,8.251263698883255,10.851532080997895,13.939250948008121,16.160162610601738,8.533133301135962
4.253915651099743,8.148134711276171,11.644692086779916,13.366197264487482,17.80527942815572,9.210099030683441
4.521143493603441,7.809567691860672,11.170391176790059,14.007544141396771,17.259412424805465,8.708324538220168
4.246657769400319,8.237254026466035,10.683169683657194,13.442976904082164,17.103306413102615,8.830671634713974
4.706860470567505,7.801195515472924,9.9353874827347,13.495659477457139,17.1280149424225,8.553775166952247
5.0521089246294615,7.945010950306243,11.278892386993904,13.269822741152577,17.351789780710277,9.109546077386252
4.5853986838912135,8.600097904473403,10.084897851983056,12.773549947989498,17.556462902163812,8.524989440729707
4.748540245057953,7.717581772465501,9.923959452250957,13.788313647735574,17.738730893157967,9.121741811833843
4.829330448242023,7.997838125160245,10.647610050443548,13.782152908775442,17.866426190959125,9.056380798707345
4.480690374729402,7.34287626664836,11.00515820343746,13.530454437152546,17.889087011854997,9.426455592750239
4.632054797009147,7.44010267592611,10.631580915831368,13.704239245447617,17.971594873385445,8.992660355320613
4.5181056457365525,7.876549814890819,10.34058241491098,13.923287572767885,18.158243507975502,8.651404657418082
4.479816072340443,7.0518461720433665,10.318171660325321,13.398480635483837,18.320290515973806,8.776112749472848
4.14264417077205,7.6801909983973555,10.378303257883429,13.820715639780058,18.894366456322903,9.21084867801702
4.295138304570157,7.249142980822542,10.347436532382066,14.342207929737837,18.906131016175056,9.001846679647375
4.3411531614753525,6.774165943159079,10.217053750444379,13.863116244728124,18.01617927580872,8.729271101734614
4.523467635023193,7.046240931147256,10.19262309698929,14.472416769495334,19.259805132012183,9.20348541818138
4.266471134990421,7.0710994279060255,10.187000375724272,14.130137872834233,19.278892453352423,9.145470718116487
4.511287970817769,6.899425089004375,10.039526249656804,14.835842799280917,19.36329898605119,9.363641420696656
3.5197957311335903,6.18746159922497,10.256500050114283,14.848187547250884,19.39024695938126,9.004597118455917
3.8963629574518985,6.3993052773983505,9.922142639382209,14.53953218138587,19.9699919661838,8.846868934619554
3.576312714556657,6.516342063390037,10.503259445705542,15.538936465105639,20.02983865021084,8.679892383815751
4.068816327280625,6.556391491376165,10.351173169768572,15.132853006750388,19.612416129797396,8.979550308305706
3.06575684029174,6.76852236323735,10.442580063033617,15.270192385715374,20.050201984153755,8.727748937203284
2.960298195053296,6.654964246128055,10.962936147413233,15.72790526378447,19.704971140325778,8.517272384573653
2.9456351004381065,6.236128363767981,11.469623501352165,16.159415644690466,19.635249675767973,8.64932435279929
2.412318039931271,6.801375481134084,11.476533636624072,15.6481025046149,19.898029964565286,8.697482680175892
2.827945567993759,6.936100697670109,10.882988288220464,16.098766384245472,20.366122659629184,8.742363332074765
2.707433149067873,7.000776071735976,11.21249246031912,16.324330965704238,20.399602774748956,8.80394426666178
2.9440616196477083,7.250347354322133,11.947022159199694,16.50586201641728,20.2594424834218,8.956326887328109
2.98023954200446,7.281768640452032,11.523644166721823,16.438946221686244,20.30140517780142,8.961413913737909
3.434824523336494,7.28568148077577,11.900840462988759,16.349069622203622,20.204727312484476,9.14376323420811
3.1671004230275432,7.252550544179505,12.277436553369336,16.26862290497812,19.812389304060172,9.407298720561565
2.7346416525725905,6.908655592670663,11.958657742700254,16.5847434252662,20.079831912244092,9.177934398489942
2.6794190823003383,7.675056271553646,12.408380170308106,16.26350559211631,20.127910050089888,8.71856802981296
3.152748698985931,7.751707083073739,12.093493281246328,15.719452824671462,20.045490999466427,9.027618361721668
2.67960211239179,7.916164026958442,12.418180027919362,16.722462133790643,20.103048518370844,8.786558917227858
3.7089243869805144,7.597039137874215,12.786189222417025,16.843936059776055,19.88372815408071,9.537059804150127
3.6092849302876937,7.799226606879239,12.289823289691162,15.831688826353503,19.7011990349997,9.415141665093065
3.221462052076111,8.579128455813969,12.962384465942081,16.193152262735733,19.842981072004136,9.178113536281801
2.9643059671710223,8.385227477915647,12.871412337068428,16.626343206622657,19.443747756017274,9.04795427328443
4.008037159564946,8.727931599781192,13.074384220521416,16.99289925106816,19.12240270557843,9.550022912638285
3.696948159259359,8.649162419821135,12.991395926125266,16.309125698081363,19.280608315880084,9.643467986523065
4.236011660027733,8.756044741509506,13.333526502675346,16.005685313080406,19.05761759357311,9.943456166938343
